veiligheidsregio; gemeentenaam
Amsterdam-Amstelland; Aalsmeer
Amsterdam-Amstelland; Uithoorn
Amsterdam-Amstelland; Amstelveen
Amsterdam-Amstelland; Amsterdam
Amsterdam-Amstelland; Diemen
Amsterdam-Amstelland; Ouder-Amstel
Brabant-Noord; 's-Hertogenbosch
Brabant-Noord; Bernheze
Brabant-Noord; Boekel
Brabant-Noord; Boxmeer
Brabant-Noord; Boxtel
Brabant-Noord; Cuijk
Brabant-Noord; Grave
Brabant-Noord; Haaren
Brabant-Noord; Heusden
Brabant-Noord; Landerd
Brabant-Noord; Meierijstad
Brabant-Noord; Mill en Sint Hubert
Brabant-Noord; Oss
Brabant-Noord; Sint Anthonis
Brabant-Noord; Sint-Michielsgestel
Brabant-Noord; Uden
Brabant-Noord; Vught
Brabant-Zuidoost; Asten
Brabant-Zuidoost; Bergeijk
Brabant-Zuidoost; Best
Brabant-Zuidoost; Bladel
Brabant-Zuidoost; Cranendonck
Brabant-Zuidoost; Deurne
Brabant-Zuidoost; Eersel
Brabant-Zuidoost; Eindhoven
Brabant-Zuidoost; Geldrop-Mierlo
Brabant-Zuidoost; Gemert-Bakel
Brabant-Zuidoost; Heeze-Leende
Brabant-Zuidoost; Helmond
Brabant-Zuidoost; Laarbeek
Brabant-Zuidoost; Nuenen, Gerwen en Nederwetten
Brabant-Zuidoost; Oirschot
Brabant-Zuidoost; Reusel-De Mierden
Brabant-Zuidoost; Someren
Brabant-Zuidoost; Son en Breugel
Brabant-Zuidoost; Valkenswaard
Brabant-Zuidoost; Veldhoven
Brabant-Zuidoost; Waalre
Drenthe; Aa en Hunze
Drenthe; Assen
Drenthe; Borger-Odoorn
Drenthe; Coevorden
Drenthe; De Wolden
Drenthe; Emmen
Drenthe; Hoogeveen
Drenthe; Meppel
Drenthe; Midden-Drenthe
Drenthe; Noordenveld
Drenthe; Tynaarlo
Drenthe; Westerveld
Flevoland; Almere
Flevoland; Dronten
Flevoland; Lelystad
Flevoland; Noordoostpolder
Flevoland; Urk
Flevoland; Zeewolde
Fryslân; Achtkarspelen
Fryslân; Ameland
Fryslân; Dantumadiel
Fryslân; De Fryske Marren
Fryslân; Harlingen
Fryslân; Heerenveen
Fryslân; Leeuwarden
Fryslân; Noardeast-Fryslân
Fryslân; Ooststellingwerf
Fryslân; Opsterland
Fryslân; Schiermonnikoog
Fryslân; Smallingerland
Fryslân; Súdwest-Fryslân
Fryslân; Terschelling
Fryslân; Tytsjerksteradiel
Fryslân; Vlieland
Fryslân; Waadhoeke
Fryslân; Weststellingwerf
Gelderland-Midden; Arnhem
Gelderland-Midden; Barneveld
Gelderland-Midden; Doesburg
Gelderland-Midden; Duiven
Gelderland-Midden; Ede
Gelderland-Midden; Lingewaard
Gelderland-Midden; Nijkerk
Gelderland-Midden; Overbetuwe
Gelderland-Midden; Renkum
Gelderland-Midden; Rheden
Gelderland-Midden; Rozendaal
Gelderland-Midden; Scherpenzeel
Gelderland-Midden; Wageningen
Gelderland-Midden; Westervoort
Gelderland-Midden; Zevenaar
Gelderland-Zuid; Berg en Dal
Gelderland-Zuid; Beuningen
Gelderland-Zuid; Buren
Gelderland-Zuid; Culemborg
Gelderland-Zuid; Druten
Gelderland-Zuid; Heumen
Gelderland-Zuid; Maasdriel
Gelderland-Zuid; Neder-Betuwe
Gelderland-Zuid; Nijmegen
Gelderland-Zuid; Tiel
Gelderland-Zuid; West Betuwe
Gelderland-Zuid; West Maas en Waal
Gelderland-Zuid; Wijchen
Gelderland-Zuid; Zaltbommel
Gooi en Vechtstreek; Blaricum
Gooi en Vechtstreek; Gooise Meren
Gooi en Vechtstreek; Hilversum
Gooi en Vechtstreek; Huizen
Gooi en Vechtstreek; Laren
Gooi en Vechtstreek; Weesp
Gooi en Vechtstreek; Wijdemeren
Groningen; Appingedam
Groningen; Delfzijl
Groningen; Groningen
Groningen; Het Hogeland
Groningen; Loppersum
Groningen; Midden-Groningen
Groningen; Oldambt
Groningen; Pekela
Groningen; Stadskanaal
Groningen; Veendam
Groningen; Westerkwartier
Groningen; Westerwolde
Haaglanden; s-Gravenhage
Haaglanden; Delft
Haaglanden; Leidschendam-Voorburg
Haaglanden; Midden-Delfland
Haaglanden; Pijnacker-Nootdorp
Haaglanden; Rijswijk
Haaglanden; Wassenaar
Haaglanden; Westland
Haaglanden; Zoetermeer
Hollands-Midden; Alphen aan den Rijn
Hollands-Midden; Bodegraven-Reeuwijk
Hollands-Midden; Gouda
Hollands-Midden; Hillegom
Hollands-Midden; Kaag en Braassem
Hollands-Midden; Katwijk
Hollands-Midden; Krimpenerwaard
Hollands-Midden; Leiden
Hollands-Midden; Leiderdorp
Hollands-Midden; Lisse
Hollands-Midden; Nieuwkoop
Hollands-Midden; Noordwijk
Hollands-Midden; Oegstgeest
Hollands-Midden; Teylingen
Hollands-Midden; Voorschoten
Hollands-Midden; Waddinxveen
Hollands-Midden; Zoeterwoude
Hollands-Midden; Zuidplas
IJsselland; Dalfsen
IJsselland; Deventer
IJsselland; Hardenberg
IJsselland; Kampen
IJsselland; Olst-Wijhe
IJsselland; Ommen
IJsselland; Raalte
IJsselland; Staphorst
IJsselland; Steenwijkerland
IJsselland; Zwartewaterland
IJsselland; Zwolle
Kennemerland; Beverwijk
Kennemerland; Bloemendaal
Kennemerland; Haarlem
Kennemerland; Haarlemmermeer
Kennemerland; Heemskerk
Kennemerland; Heemstede
Kennemerland; Uitgeest
Kennemerland; Velsen
Kennemerland; Zandvoort
Limburg-Noord; Beesel
Limburg-Noord; Bergen (L.)
Limburg-Noord; Echt-Susteren
Limburg-Noord; Gennep
Limburg-Noord; Horst aan de Maas
Limburg-Noord; Leudal
Limburg-Noord; Maasgouw
Limburg-Noord; Mook en Middelaar
Limburg-Noord; Nederweert
Limburg-Noord; Peel en Maas
Limburg-Noord; Roerdalen
Limburg-Noord; Roermond
Limburg-Noord; Venlo
Limburg-Noord; Venray
Limburg-Noord; Weert
Limburg-Zuid; Beek
Limburg-Zuid; Beekdaelen
Limburg-Zuid; Brunssum
Limburg-Zuid; Eijsden-Margraten
Limburg-Zuid; Gulpen-Wittem
Limburg-Zuid; Heerlen
Limburg-Zuid; Kerkrade
Limburg-Zuid; Landgraaf
Limburg-Zuid; Maastricht
Limburg-Zuid; Meerssen
Limburg-Zuid; Simpelveld
Limburg-Zuid; Sittard-Geleen
Limburg-Zuid; Stein
Limburg-Zuid; Vaals
Limburg-Zuid; Valkenburg aan de Geul
Limburg-Zuid; Voerendaal
Midden- en West-Brabant; Alphen-Chaam
Midden- en West-Brabant; Altena
Midden- en West-Brabant; Baarle-Nassau
Midden- en West-Brabant; Bergen op Zoom
Midden- en West-Brabant; Breda
Midden- en West-Brabant; Dongen
Midden- en West-Brabant; Drimmelen
Midden- en West-Brabant; Etten-Leur
Midden- en West-Brabant; Geertruidenberg
Midden- en West-Brabant; Gilze en Rijen
Midden- en West-Brabant; Goirle
Midden- en West-Brabant; Halderberge
Midden- en West-Brabant; Hilvarenbeek
Midden- en West-Brabant; Loon op Zand
Midden- en West-Brabant; Moerdijk
Midden- en West-Brabant; Oisterwijk
Midden- en West-Brabant; Oosterhout
Midden- en West-Brabant; Roosendaal
Midden- en West-Brabant; Rucphen
Midden- en West-Brabant; Steenbergen
Midden- en West-Brabant; Tilburg
Midden- en West-Brabant; Waalwijk
Midden- en West-Brabant; Woensdrecht
Midden- en West-Brabant; Zundert
Noord- en Oost-Gelderland; Aalten
Noord- en Oost-Gelderland; Apeldoorn
Noord- en Oost-Gelderland; Berkelland
Noord- en Oost-Gelderland; Bronckhorst
Noord- en Oost-Gelderland; Brummen
Noord- en Oost-Gelderland; Doetinchem
Noord- en Oost-Gelderland; Elburg
Noord- en Oost-Gelderland; Epe
Noord- en Oost-Gelderland; Ermelo
Noord- en Oost-Gelderland; Harderwijk
Noord- en Oost-Gelderland; Hattem
Noord- en Oost-Gelderland; Heerde
Noord- en Oost-Gelderland; Lochem
Noord- en Oost-Gelderland; Montferland
Noord- en Oost-Gelderland; Nunspeet
Noord- en Oost-Gelderland; Oldebroek
Noord- en Oost-Gelderland; Oost Gelre
Noord- en Oost-Gelderland; Oude IJsselstreek
Noord- en Oost-Gelderland; Putten
Noord- en Oost-Gelderland; Voorst
Noord- en Oost-Gelderland; Winterswijk
Noord- en Oost-Gelderland; Zutphen
Noord-Holland-Noord; Alkmaar
Noord-Holland-Noord; Bergen (NH.)
Noord-Holland-Noord; Castricum
Noord-Holland-Noord; Den Helder
Noord-Holland-Noord; Drechterland
Noord-Holland-Noord; Enkhuizen
Noord-Holland-Noord; Heerhugowaard
Noord-Holland-Noord; Heiloo
Noord-Holland-Noord; Hollands Kroon
Noord-Holland-Noord; Hoorn
Noord-Holland-Noord; Koggenland
Noord-Holland-Noord; Langedijk
Noord-Holland-Noord; Medemblik
Noord-Holland-Noord; Opmeer
Noord-Holland-Noord; Schagen
Noord-Holland-Noord; Stede Broec
Noord-Holland-Noord; Texel
Rotterdam-Rijnmond; Albrandswaard
Rotterdam-Rijnmond; Barendrecht
Rotterdam-Rijnmond; Brielle
Rotterdam-Rijnmond; Capelle aan den IJssel
Rotterdam-Rijnmond; Goeree-Overflakkee
Rotterdam-Rijnmond; Hellevoetsluis
Rotterdam-Rijnmond; Krimpen aan den IJssel
Rotterdam-Rijnmond; Lansingerland
Rotterdam-Rijnmond; Maassluis
Rotterdam-Rijnmond; Nissewaard
Rotterdam-Rijnmond; Ridderkerk
Rotterdam-Rijnmond; Rotterdam
Rotterdam-Rijnmond; Schiedam
Rotterdam-Rijnmond; Vlaardingen
Rotterdam-Rijnmond; Westvoorne
Twente; Almelo
Twente; Borne
Twente; Dinkelland
Twente; Enschede
Twente; Haaksbergen
Twente; Hellendoorn
Twente; Hengelo
Twente; Hof van Twente
Twente; Losser
Twente; Oldenzaal
Twente; Rijssen-Holten
Twente; Tubbergen
Twente; Twenterand
Twente; Wierden
Utrecht; Amersfoort
Utrecht; Baarn
Utrecht; Bunnik
Utrecht; Bunschoten
Utrecht; De Bilt
Utrecht; De Ronde Venen
Utrecht; Eemnes
Utrecht; Houten
Utrecht; IJsselstein
Utrecht; Leusden
Utrecht; Lopik
Utrecht; Montfoort
Utrecht; Nieuwegein
Utrecht; Oudewater
Utrecht; Renswoude
Utrecht; Rhenen
Utrecht; Soest
Utrecht; Stichtse Vecht
Utrecht; Utrecht
Utrecht; Utrechtse Heuvelrug
Utrecht; Veenendaal
Utrecht; Vijfheerenlanden
Utrecht; Wijk bij Duurstede
Utrecht; Woerden
Utrecht; Woudenberg
Utrecht; Zeist 
Zaanstreek-Waterland; Beemster
Zaanstreek-Waterland; Edam-Volendam
Zaanstreek-Waterland; Landsmeer
Zaanstreek-Waterland; Oostzaan
Zaanstreek-Waterland; Purmerend
Zaanstreek-Waterland; Waterland
Zaanstreek-Waterland; Wormerland
Zaanstreek-Waterland; Zaanstad
Zeeland; Borsele
Zeeland; Goes
Zeeland; Hulst
Zeeland; Kapelle
Zeeland; Middelburg
Zeeland; Noord-Beveland
Zeeland; Reimerswaal
Zeeland; Schouwen-Duiveland
Zeeland; Sluis
Zeeland; Terneuzen
Zeeland; Tholen
Zeeland; Veere
Zeeland; Vlissingen
Zuid-Holland-Zuid; Alblasserdam
Zuid-Holland-Zuid; Dordrecht
Zuid-Holland-Zuid; Gorinchem
Zuid-Holland-Zuid; Hardinxveld-Giessendam
Zuid-Holland-Zuid; Hendrik-Ido-Ambacht
Zuid-Holland-Zuid; Hoeksche Waard
Zuid-Holland-Zuid; Molenlanden
Zuid-Holland-Zuid; Papendrecht
Zuid-Holland-Zuid; Sliedrecht
Zuid-Holland-Zuid; Zwijndrecht